{
    "$schema": "https://schema.management.azure.com/schemas/2019-04-01/deploymentTemplate.json#",
    "contentVersion": "1.0.0.0",
    "parameters": {
        "location": {
            "type": "String"
        },
        "vmName": {
            "defaultValue": "qdms-vm",
            "type": "String"
        },
        "adminUsername": {
            "type": "String"
        },
        "adminPassword": {
            "type": "SecureString"
        },
        "vmSize": {
            "defaultValue": "",
            "type": "String"
        },
        "vmStorageAccountNewOrExisting": {
            "type": "String",
            "allowedValues": [
                "new",
                "existing"
            ]
        },
        "vmStorageAccountName": {
            "defaultValue": "",
            "type": "String"
        },
        "vmStorageAccountType": {
            "defaultValue": "",
            "type": "String"
        },
        "vmStorageAccountKind": {
            "defaultValue": "",
            "type": "String"
        },
        "vmStorageAccountResourceGroup": {
            "defaultValue": "",
            "type": "String"
        },
        "applicationStorageAccountResourceGroup": {
            "defaultValue": "",
            "type": "String"
        },
        "applicationStorageAccountNewOrExisting": {
            "type": "String",
            "allowedValues": [
                "new",
                "existing"
            ]
        },
        "applicationStorageAccountName": {
            "defaultValue": "",
            "type": "String"
        },
        "applicationStorageAccountType": {
            "defaultValue": "",
            "type": "String"
        },
        "applicationStorageAccountKind": {
            "defaultValue": "",
            "type": "String"
        },
        "alertsEmail": {
            "defaultValue": "",
            "type": "String"
        },
        "virtualNetworkNewOrExisting": {
            "defaultValue": "",
            "type": "String",
            "allowedValues": [
                "new",
                "existing"
            ]
        },
        "virtualNetworkName": {
            "defaultValue": "",
            "type": "String"
        },
        "virtualNetworkAddressPrefixes": {
            "type": "array",
            "defaultValue": [ "10.0.0.0/16" ],
            "metadata": {
                "description": "Address prefix"
            }
        },
        "virtualNetworkSubnetName": {
            "type": "String",
            "defaultValue": "Subnet 1",
            "metadata": {
                "description": "Subnet 1 Name"
            }
        },
        "virtualNetworkSubnetPrefix": {
            "type": "String",
            "defaultValue": "10.0.0.0/24",
            "metadata": {
                "description": "Subnet 1 Prefix"
            }
        },
        "virtualNetworkResourceGroupName": {
            "defaultValue": "",
            "type": "String"
        },
        "publicIpResourceGroupName": {
            "defaultValue": "",
            "type": "String"
        },
        "publicIpNewOrExisting": {
            "defaultValue": "",
            "type": "String",
            "allowedValues": [
                "new",
                "existing"
            ]
        },
        "publicIpName": {
            "defaultValue": "",
            "type": "String"
        },
        "publicIpDns": {
            "defaultValue": "",
            "type": "String"
        },
        "publicIPAllocationMethod": {
            "defaultValue": "",
            "type": "String"
        },
        "publicIpSku": {
            "defaultValue": "",
            "type": "String"
        },
        "recommendedAlertRulesActionGroupName": {
            "defaultValue": "RecommendedAlertRules-AG-1",
            "type": "String"
        },
        "networkInterfaceName": {
            "defaultValue": "qdms-vm-network-interface",
            "type": "String"
        },
        "networkSecurityGroupName": {
            "defaultValue": "qdms-network-security-group",
            "type": "String"
        },
        "metricAlertsPercentageCpuName": {
            "defaultValue": "Percentage CPU - QDMS",
            "type": "String"
        },
        "metricAlertsVmAvailabilityName": {
            "defaultValue": "VM Availability - QDMS",
            "type": "String"
        },
        "metricAlertsNetworkInTotalName": {
            "defaultValue": "Network In Total - QDMS",
            "type": "String"
        },
        "metricAlertsNetworkOutTotalName": {
            "defaultValue": "Network Out Total - QDMS",
            "type": "String"
        },
        "metricAlertsAvailableMemoryBytesName": {
            "defaultValue": "Available Memory Bytes - QDMS",
            "type": "String"
        },
        "metricAlertsOsDiskIopsConsumedPercentageName": {
            "defaultValue": "OS Disk IOPS Consumed Percentage - QDMS",
            "type": "String"
        },
        "metricAlertsDataDiskIopsConsumedPercentageName": {
            "defaultValue": "Data Disk IOPS Consumed Percentage - QDMS",
            "type": "String"
        }
    },
    "variables": {
    },
    "resources": [
        {
            "condition": "[equals(parameters('vmStorageAccountNewOrExisting'),'new')]",
            "type": "Microsoft.Storage/storageAccounts",
            "apiVersion": "2022-09-01",
            "name": "[parameters('vmStorageAccountName')]",
            "location": "[parameters('location')]",
            "kind": "[parameters('vmStorageAccountKind')]",
            "sku": {
                "name": "[parameters('vmStorageAccountType')]"
            },
            "properties": {
                "accessTier": "Hot"
            },
            "tags": {
                "ResourceGroup": "[parameters('vmStorageAccountResourceGroup')]"
            }
        },
        {
            "condition": "[equals(parameters('applicationStorageAccountNewOrExisting'),'new')]",
            "type": "Microsoft.Storage/storageAccounts",
            "apiVersion": "2022-09-01",
            "name": "[parameters('applicationStorageAccountName')]",
            "location": "[parameters('location')]",
            "kind": "[parameters('applicationStorageAccountKind')]",
            "sku": {
                "name": "[parameters('applicationStorageAccountType')]"
            },
            "properties": {
                "accessTier": "Hot"
            }, 
            "tags": {
                "ResourceGroup": "[parameters('applicationStorageAccountResourceGroup')]"
            }
        },
        {
            "type": "Microsoft.Storage/storageAccounts/fileServices/shares",
            "apiVersion": "2022-09-01",
            "name": "[format('{0}/default/{1}', parameters('applicationStorageAccountName'), concat('qdms-', take(replace(newGuid(), '-', ''), 12)))]",
            "dependsOn": [
                "[resourceId('Microsoft.Storage/storageAccounts', parameters('applicationStorageAccountName'))]"
            ]
        },
        {
            "type": "microsoft.insights/actionGroups",
            "apiVersion": "2023-01-01",
            "name": "[parameters('recommendedAlertRulesActionGroupName')]",
            "location": "Global",
            "properties": {
                "groupShortName": "recalert1",
                "enabled": true,
                "emailReceivers": [
                    {
                        "name": "Email_-EmailAction-",
                        "emailAddress": "[parameters('alertsEmail')]",
                        "useCommonAlertSchema": true
                    }
                ]
            }
        },
        {
            "type": "Microsoft.Network/networkSecurityGroups",
            "apiVersion": "2023-05-01",
            "name": "[parameters('networkSecurityGroupName')]",
            "location": "[parameters('location')]",
            "properties": {
                "securityRules": [
                    {
                        "name": "SSH",
                        "id": "[resourceId('Microsoft.Network/networkSecurityGroups/securityRules', parameters('networkSecurityGroupName'), 'SSH')]",
                        "type": "Microsoft.Network/networkSecurityGroups/securityRules",
                        "properties": {
                            "protocol": "TCP",
                            "sourcePortRange": "*",
                            "destinationPortRange": "22",
                            "sourceAddressPrefix": "*",
                            "destinationAddressPrefix": "*",
                            "access": "Allow",
                            "priority": 300,
                            "direction": "Inbound"
                        }
                    },
                    {
                        "name": "HTTPS",
                        "id": "[resourceId('Microsoft.Network/networkSecurityGroups/securityRules', parameters('networkSecurityGroupName'), 'HTTPS')]",
                        "type": "Microsoft.Network/networkSecurityGroups/securityRules",
                        "properties": {
                            "protocol": "TCP",
                            "sourcePortRange": "*",
                            "destinationPortRange": "443",
                            "sourceAddressPrefix": "*",
                            "destinationAddressPrefix": "*",
                            "access": "Allow",
                            "priority": 320,
                            "direction": "Inbound"
                        }
                    }
                ]
            }
        },
        {
            "condition": "[equals(parameters('publicIpNewOrExisting'),'new')]",
            "type": "Microsoft.Network/publicIPAddresses",
            "apiVersion": "2023-05-01",
            "name": "[parameters('publicIpName')]",
            "location": "[parameters('location')]",
            "sku": {
                "name": "[parameters('publicIpSku')]",
                "tier": "Global"
            },
            "properties": {
                "publicIPAllocationMethod": "[parameters('publicIPAllocationMethod')]",
                "publicIPAddressVersion": "IPv4",
                "dnsSettings": {
                    "domainNameLabel": "[parameters('publicIpDns')]",
                    "fqdn": "[concat(parameters('publicIpDns'), '.', parameters('location'), '.cloudapp.azure.com')]"
                }
            }
        },
        {
            "type": "Microsoft.Compute/virtualMachines",
            "apiVersion": "2023-03-01",
            "name": "[parameters('vmName')]",
            "location": "[parameters('location')]",
            "dependsOn": [
                "[resourceId('Microsoft.Network/networkInterfaces', parameters('networkInterfaceName'))]"
            ],
            "properties": {
                "hardwareProfile": {
                    "vmSize": "[parameters('vmSize')]"
                },
                "additionalCapabilities": {
                    "hibernationEnabled": false
                },
                "storageProfile": {
                    "imageReference": {
                        "publisher": "canonical",
                        "offer": "0001-com-ubuntu-server-jammy",
                        "sku": "22_04-lts-gen2",
                        "version": "latest"
                    },
                    "osDisk": {
                        "osType": "Linux",
                        "name": "[concat(parameters('vmName'), '_OsDisk_1_bb9b850779374e9699efe06babf38056')]",
                        "createOption": "FromImage",
                        "caching": "ReadWrite",
                        "managedDisk": {
                            "storageAccountType": "Premium_LRS",
                            "id": "[resourceId('Microsoft.Compute/disks', concat(parameters('vmName'), '_OsDisk_1_bb9b850779374e9699efe06babf38056'))]"
                        },
                        "deleteOption": "Delete",
                        "diskSizeGB": 30
                    },
                    "dataDisks": [
                        {
                            "lun": 0,
                            "name": "[concat(parameters('vmName'), '_DataDisk')]",
                            "createOption": "Attach",
                            "caching": "ReadOnly",
                            "writeAcceleratorEnabled": false,
                            "managedDisk": {
                                "storageAccountType": "Premium_LRS",
                                "id": "[resourceId('Microsoft.Compute/disks', concat(parameters('vmName'), '_DataDisk'))]"
                            },
                            "deleteOption": "Detach",
                            "diskSizeGB": 32,
                            "toBeDetached": false
                        }
                    ],
                    "diskControllerType": "SCSI"
                },
                "osProfile": {
                    "computerName": "qdms",
                    "adminUsername": "[parameters('adminUsername')]",
                    "adminPassword": "[parameters('adminPassword')]",
                    "linuxConfiguration": {
                        "disablePasswordAuthentication": false,
                        "provisionVMAgent": true,
                        "patchSettings": {
                            "patchMode": "AutomaticByPlatform",
                            "automaticByPlatformSettings": {
                                "rebootSetting": "IfRequired",
                                "bypassPlatformSafetyChecksOnUserSchedule": false
                            },
                            "assessmentMode": "ImageDefault"
                        },
                        "enableVMAgentPlatformUpdates": false
                    },
                    "allowExtensionOperations": true,
                    "requireGuestProvisionSignal": true
                },
                "securityProfile": {
                    "uefiSettings": {
                        "secureBootEnabled": true,
                        "vTpmEnabled": true
                    },
                    "securityType": "TrustedLaunch"
                },
                "networkProfile": {
                    "networkInterfaces": [
                        {
                            "id": "[resourceId('Microsoft.Network/networkInterfaces', parameters('networkInterfaceName'))]",
                            "properties": {
                                "deleteOption": "Delete"
                            }
                        }
                    ]
                },
                "diagnosticsProfile": {
                    "bootDiagnostics": {
                        "enabled": "bool"
                    }
                }
            }
        },
        {
            "name": "[format('{0}/{1}', parameters('vmName'), 'initialize-vm')]",
            "type": "Microsoft.Compute/virtualMachines/extensions",
            "location": "[parameters('location')]",
            "apiVersion": "2023-03-01",
            "dependsOn": [
                "[concat('Microsoft.Compute/virtualMachines/', concat(parameters('vmName'), copyindex()))]"
            ],
            "tags": {
                "displayName": "[format('{0}/{1}', parameters('vmName'), 'initialize-vm')]"
            },
            "properties": {
                "publisher": "Microsoft.Azure.Extensions",
                "type": "CustomScript",
                "typeHandlerVersion": "2.1",
                "autoUpgradeMinorVersion": true,
                "settings": {
                    "skipDos2Unix": false,
                    "timestamp": 1700644220,
                    "fileUris": [ "https://github.com/OneBitSoftware/DevOps/AzureMarketplace/ManagedApplicationSilverPlan/scripts/initialize-vm.sh" ],
                    "commandToExecute": "sh initialize-vm.sh"
                }
            }
        },
        {
            "type": "microsoft.insights/metricAlerts",
            "apiVersion": "2018-03-01",
            "name": "[parameters('metricAlertsAvailableMemoryBytesName')]",
            "location": "Global",
            "dependsOn": [
                "[resourceId('Microsoft.Compute/virtualMachines', parameters('vmName'))]",
                "[resourceId('microsoft.insights/actionGroups', parameters('recommendedAlertRulesActionGroupName'))]"
            ],
            "properties": {
                "severity": 3,
                "enabled": true,
                "scopes": [
                    "[resourceId('Microsoft.Compute/virtualMachines', parameters('vmName'))]"
                ],
                "evaluationFrequency": "PT5M",
                "windowSize": "PT5M",
                "criteria": {
                    "allOf": [
                        {
                            "threshold": 1000000000,
                            "name": "Metric1",
                            "metricNamespace": "Microsoft.Compute/virtualMachines",
                            "metricName": "Available Memory Bytes",
                            "operator": "LessThan",
                            "timeAggregation": "Average",
                            "criterionType": "StaticThresholdCriterion"
                        }
                    ],
                    "odata.type": "Microsoft.Azure.Monitor.MultipleResourceMultipleMetricCriteria"
                },
                "targetResourceType": "Microsoft.Compute/virtualMachines",
                "actions": [
                    {
                        "actionGroupId": "[resourceId('microsoft.insights/actionGroups', parameters('recommendedAlertRulesActionGroupName'))]",
                        "webHookProperties": {}
                    }
                ]
            }
        },
        {
            "type": "microsoft.insights/metricAlerts",
            "apiVersion": "2018-03-01",
            "name": "[parameters('metricAlertsDataDiskIopsConsumedPercentageName')]",
            "location": "Global",
            "dependsOn": [
                "[resourceId('Microsoft.Compute/virtualMachines', parameters('vmName'))]",
                "[resourceId('microsoft.insights/actionGroups', parameters('recommendedAlertRulesActionGroupName'))]"
            ],
            "properties": {
                "severity": 3,
                "enabled": true,
                "scopes": [
                    "[resourceId('Microsoft.Compute/virtualMachines', parameters('vmName'))]"
                ],
                "evaluationFrequency": "PT5M",
                "windowSize": "PT5M",
                "criteria": {
                    "allOf": [
                        {
                            "threshold": 95,
                            "name": "Metric1",
                            "metricNamespace": "Microsoft.Compute/virtualMachines",
                            "metricName": "Data Disk IOPS Consumed Percentage",
                            "operator": "GreaterThan",
                            "timeAggregation": "Average",
                            "criterionType": "StaticThresholdCriterion"
                        }
                    ],
                    "odata.type": "Microsoft.Azure.Monitor.MultipleResourceMultipleMetricCriteria"
                },
                "targetResourceType": "Microsoft.Compute/virtualMachines",
                "actions": [
                    {
                        "actionGroupId": "[resourceId('microsoft.insights/actionGroups', parameters('recommendedAlertRulesActionGroupName'))]",
                        "webHookProperties": {}
                    }
                ]
            }
        },
        {
            "type": "microsoft.insights/metricAlerts",
            "apiVersion": "2018-03-01",
            "name": "[parameters('metricAlertsNetworkInTotalName')]",
            "location": "Global",
            "dependsOn": [
                "[resourceId('Microsoft.Compute/virtualMachines', parameters('vmName'))]",
                "[resourceId('microsoft.insights/actionGroups', parameters('recommendedAlertRulesActionGroupName'))]"
            ],
            "properties": {
                "severity": 3,
                "enabled": true,
                "scopes": [
                    "[resourceId('Microsoft.Compute/virtualMachines', parameters('vmName'))]"
                ],
                "evaluationFrequency": "PT5M",
                "windowSize": "PT5M",
                "criteria": {
                    "allOf": [
                        {
                            "threshold": 500000000000,
                            "name": "Metric1",
                            "metricNamespace": "Microsoft.Compute/virtualMachines",
                            "metricName": "Network In Total",
                            "operator": "GreaterThan",
                            "timeAggregation": "Total",
                            "criterionType": "StaticThresholdCriterion"
                        }
                    ],
                    "odata.type": "Microsoft.Azure.Monitor.MultipleResourceMultipleMetricCriteria"
                },
                "targetResourceType": "Microsoft.Compute/virtualMachines",
                "actions": [
                    {
                        "actionGroupId": "[resourceId('microsoft.insights/actionGroups', parameters('recommendedAlertRulesActionGroupName'))]",
                        "webHookProperties": {}
                    }
                ]
            }
        },
        {
            "type": "microsoft.insights/metricAlerts",
            "apiVersion": "2018-03-01",
            "name": "[parameters('metricAlertsNetworkOutTotalName')]",
            "location": "Global",
            "dependsOn": [
                "[resourceId('Microsoft.Compute/virtualMachines', parameters('vmName'))]",
                "[resourceId('microsoft.insights/actionGroups', parameters('recommendedAlertRulesActionGroupName'))]"
            ],
            "properties": {
                "severity": 3,
                "enabled": true,
                "scopes": [
                    "[resourceId('Microsoft.Compute/virtualMachines', parameters('vmName'))]"
                ],
                "evaluationFrequency": "PT5M",
                "windowSize": "PT5M",
                "criteria": {
                    "allOf": [
                        {
                            "threshold": 200000000000,
                            "name": "Metric1",
                            "metricNamespace": "Microsoft.Compute/virtualMachines",
                            "metricName": "Network Out Total",
                            "operator": "GreaterThan",
                            "timeAggregation": "Total",
                            "criterionType": "StaticThresholdCriterion"
                        }
                    ],
                    "odata.type": "Microsoft.Azure.Monitor.MultipleResourceMultipleMetricCriteria"
                },
                "targetResourceType": "Microsoft.Compute/virtualMachines",
                "actions": [
                    {
                        "actionGroupId": "[resourceId('microsoft.insights/actionGroups', parameters('recommendedAlertRulesActionGroupName'))]",
                        "webHookProperties": {}
                    }
                ]
            }
        },
        {
            "type": "microsoft.insights/metricAlerts",
            "apiVersion": "2018-03-01",
            "name": "[parameters('metricAlertsOsDiskIopsConsumedPercentageName')]",
            "location": "Global",
            "dependsOn": [
                "[resourceId('Microsoft.Compute/virtualMachines', parameters('vmName'))]",
                "[resourceId('microsoft.insights/actionGroups', parameters('recommendedAlertRulesActionGroupName'))]"
            ],
            "properties": {
                "severity": 3,
                "enabled": true,
                "scopes": [
                    "[resourceId('Microsoft.Compute/virtualMachines', parameters('vmName'))]"
                ],
                "evaluationFrequency": "PT5M",
                "windowSize": "PT5M",
                "criteria": {
                    "allOf": [
                        {
                            "threshold": 95,
                            "name": "Metric1",
                            "metricNamespace": "Microsoft.Compute/virtualMachines",
                            "metricName": "OS Disk IOPS Consumed Percentage",
                            "operator": "GreaterThan",
                            "timeAggregation": "Average",
                            "criterionType": "StaticThresholdCriterion"
                        }
                    ],
                    "odata.type": "Microsoft.Azure.Monitor.MultipleResourceMultipleMetricCriteria"
                },
                "targetResourceType": "Microsoft.Compute/virtualMachines",
                "actions": [
                    {
                        "actionGroupId": "[resourceId('microsoft.insights/actionGroups', parameters('recommendedAlertRulesActionGroupName'))]",
                        "webHookProperties": {}
                    }
                ]
            }
        },
        {
            "type": "microsoft.insights/metricAlerts",
            "apiVersion": "2018-03-01",
            "name": "[parameters('metricAlertsPercentageCpuName')]",
            "location": "Global",
            "dependsOn": [
                "[resourceId('Microsoft.Compute/virtualMachines', parameters('vmName'))]",
                "[resourceId('microsoft.insights/actionGroups', parameters('recommendedAlertRulesActionGroupName'))]"
            ],
            "properties": {
                "severity": 3,
                "enabled": true,
                "scopes": [
                    "[resourceId('Microsoft.Compute/virtualMachines', parameters('vmName'))]"
                ],
                "evaluationFrequency": "PT5M",
                "windowSize": "PT5M",
                "criteria": {
                    "allOf": [
                        {
                            "threshold": 90,
                            "name": "Metric1",
                            "metricNamespace": "Microsoft.Compute/virtualMachines",
                            "metricName": "Percentage CPU",
                            "operator": "GreaterThan",
                            "timeAggregation": "Average",
                            "criterionType": "StaticThresholdCriterion"
                        }
                    ],
                    "odata.type": "Microsoft.Azure.Monitor.MultipleResourceMultipleMetricCriteria"
                },
                "targetResourceType": "Microsoft.Compute/virtualMachines",
                "actions": [
                    {
                        "actionGroupId": "[resourceId('microsoft.insights/actionGroups', parameters('recommendedAlertRulesActionGroupName'))]",
                        "webHookProperties": {}
                    }
                ]
            }
        },
        {
            "type": "microsoft.insights/metricAlerts",
            "apiVersion": "2018-03-01",
            "name": "[parameters('metricAlertsVmAvailabilityName')]",
            "location": "Global",
            "dependsOn": [
                "[resourceId('Microsoft.Compute/virtualMachines', parameters('vmName'))]",
                "[resourceId('microsoft.insights/actionGroups', parameters('recommendedAlertRulesActionGroupName'))]"
            ],
            "properties": {
                "severity": 3,
                "enabled": true,
                "scopes": [
                    "[resourceId('Microsoft.Compute/virtualMachines', parameters('vmName'))]"
                ],
                "evaluationFrequency": "PT5M",
                "windowSize": "PT5M",
                "criteria": {
                    "allOf": [
                        {
                            "threshold": 1,
                            "name": "Metric1",
                            "metricNamespace": "Microsoft.Compute/virtualMachines",
                            "metricName": "VmAvailabilityMetric",
                            "operator": "LessThan",
                            "timeAggregation": "Average",
                            "criterionType": "StaticThresholdCriterion"
                        }
                    ],
                    "odata.type": "Microsoft.Azure.Monitor.MultipleResourceMultipleMetricCriteria"
                },
                "targetResourceType": "Microsoft.Compute/virtualMachines",
                "actions": [
                    {
                        "actionGroupId": "[resourceId('microsoft.insights/actionGroups', parameters('recommendedAlertRulesActionGroupName'))]",
                        "webHookProperties": {}
                    }
                ]
            }
        },
        {
            "condition": "[equals(parameters('virtualNetworkNewOrExisting'),'new')]",
            "type": "Microsoft.Network/virtualNetworks",
            "apiVersion": "2023-05-01",
            "name": "[parameters('virtualNetworkName')]",
            "location": "[parameters('location')]",
            "properties": {
                "addressSpace": {
                    "addressPrefixes": "[parameters('virtualNetworkAddressPrefixes')]"
                },
                "subnets": [
                    {
                        "name": "[parameters('virtualNetworkSubnetName')]",
                        "id": "[resourceId(parameters('virtualNetworkResourceGroupName'),'Microsoft.Network/virtualNetworks/subnets', parameters('virtualNetworkName'), 'default')]",
                        "properties": {
                            "addressPrefix": "[parameters('virtualNetworkSubnetPrefix')]",
                            "privateEndpointNetworkPolicies": "Disabled",
                            "privateLinkServiceNetworkPolicies": "Enabled"
                        },
                        "type": "Microsoft.Network/virtualNetworks/subnets"
                    }
                ],
                "enableDdosProtection": false
            }
        },
        {
            "type": "Microsoft.Network/networkInterfaces",
            "apiVersion": "2023-05-01",
            "name": "[parameters('networkInterfaceName')]",
            "location": "[parameters('location')]",
            "dependsOn": [
                "[resourceId('Microsoft.Network/publicIPAddresses', parameters('publicIpName'))]",
                "[resourceId('Microsoft.Network/networkSecurityGroups', parameters('networkSecurityGroupName'))]"
            ],
            "kind": "Regular",
            "properties": {
                "ipConfigurations": [
                    {
                        "name": "ipconfig1",
                        "id": "[resourceId('Microsoft.Network/networkInterfaces', concat(parameters('networkInterfaceName'), '/ipConfigurations/ipconfig1'))]",
                        "etag": "W/\"98f62a4b-22dd-441e-a78f-a64b33c3c114\"",
                        "type": "Microsoft.Network/networkInterfaces/ipConfigurations",
                        "properties": {
                            "provisioningState": "Succeeded",
                            "privateIPAddress": "10.0.0.5",
                            "privateIPAllocationMethod": "Dynamic",
                            "publicIPAddress": {
                                "id": "[resourceId(parameters('publicIpResourceGroupName'),'Microsoft.Network/publicIPAddresses', parameters('publicIpName'))]",
                                "properties": {
                                    "deleteOption": "Delete"
                                }
                            },
                            "subnet": {
                                "id": "[resourceId(parameters('virtualNetworkResourceGroupName'),'Microsoft.Network/virtualNetworks/subnets', parameters('virtualNetworkName'), 'default')]"
                            },
                            "primary": true,
                            "privateIPAddressVersion": "IPv4"
                        }
                    }
                ],
                "enableAcceleratedNetworking": true,
                "enableIPForwarding": false,
                "disableTcpStateTracking": false,
                "networkSecurityGroup": {
                    "id": "[resourceId('Microsoft.Network/networkSecurityGroups', parameters('networkSecurityGroupName'))]"
                },
                "nicType": "Standard",
                "auxiliaryMode": "None",
                "auxiliarySku": "None"
            }
        }
    ]
}